{
  "project_info": {
    "project_number": "914411942176",
    "firebase_url": "https://mahirscheduler.firebaseio.com",
    "project_id": "mahirscheduler",
    "storage_bucket": "mahirscheduler.appspot.com"
  },
  "client": [
    {
      "client_info": {
        "mobilesdk_app_id": "1:914411942176:android:3bdf4e279c154ff6cea745",
        "android_client_info": {
          "package_name": "com.example.scheduler"
        }
      },
      "oauth_client": [
        {
          "client_id": "914411942176-fsbnt6kkopdk4hgnld772ej498l3hn03.apps.googleusercontent.com",
          "client_type": 1,
          "android_info": {
            "package_name": "com.example.scheduler",
            "certificate_hash": "d59ecca70bafd7331a859f8f1d8e10b80de09c3f"
          }
        },
        {
          "client_id": "914411942176-31ndtpjvs9cc1ltt9jqq6rdnfgprmb2r.apps.googleusercontent.com",
          "client_type": 1,
          "android_info": {
            "package_name": "com.example.scheduler",
            "certificate_hash": "80a563b1f96bea0c7a7e213d723aa03fe0e423a8"
          }
        },
        {
          "client_id": "914411942176-62j98pjhnr0c84oq746vmufnqg4kgtrn.apps.googleusercontent.com",
          "client_type": 1,
          "android_info": {
            "package_name": "com.example.scheduler",
            "certificate_hash": "1d6c42f7cbe393a0d284a6f8d56be6b903519d75"
          }
        },
        {
          "client_id": "914411942176-vji1fnfsnqhjflbcajkdad1bdjlrivb5.apps.googleusercontent.com",
          "client_type": 1,
          "android_info": {
            "package_name": "com.example.scheduler",
            "certificate_hash": "36799096a3f72e2587f9bbc9591e40aa235e69e4"
          }
        },
        {
          "client_id": "914411942176-9ougip6hjkc9iavper4gtmcf4dqtvj4r.apps.googleusercontent.com",
          "client_type": 1,
          "android_info": {
            "package_name": "com.example.scheduler",
            "certificate_hash": "d612484fc447759937257729a8c2455b7ae8e061"
          }
        },
        {
          "client_id": "914411942176-kmqrjom7psrtbbh2dkk6ehrbj8rbe6ah.apps.googleusercontent.com",
          "client_type": 3
        }
      ],
      "api_key": [
        {
          "current_key": "AIzaSyBwQ_fEFgKvfQycDThJnWClA7pCyH97ExQ"
        }
      ],
      "services": {
        "appinvite_service": {
          "other_platform_oauth_client": [
            {
              "client_id": "914411942176-kmqrjom7psrtbbh2dkk6ehrbj8rbe6ah.apps.googleusercontent.com",
              "client_type": 3
            }
          ]
        }
      }
    }
  ],
  "configuration_version": "1"
}